INSERT INTO address(id,addressline,city,state,zipcode) VALUES ('51','6649 N Blue Gum St','New Orleans','LA','70116');
INSERT INTO address(id,addressline,city,state,zipcode) VALUES ('52','4 B Blue Ridge Blvd','Albany','NY','12204');
INSERT INTO address(id,addressline,city,state,zipcode) VALUES ('53','639 Main St','San Jose','CA','95011');
INSERT INTO address(id,addressline,city,state,zipcode) VALUES ('54','8 W Cerritos Ave #54','Irving','TX','75025');
INSERT INTO address(id,addressline,city,state,zipcode) VALUES ('55','34 Center St','New Orleans','LA','70117');
INSERT INTO address(id,addressline,city,state,zipcode) VALUES ('56','3 Mcauley Dr','Phoenix','LA','70116');
INSERT INTO address(id,addressline,city,state,zipcode) VALUES ('57','7 Eads St','San Jose','CA','95023');
INSERT INTO address(id,addressline,city,state,zipcode) VALUES ('58','7 W Jackson Blvd','New Orleans','LA','70116');
INSERT INTO address(id,addressline,city,state,zipcode) VALUES ('59','5 Boston Ave #88','Chicago','IL','60632');
INSERT INTO address(id,addressline,city,state,zipcode) VALUES ('60','228 Runamuck Pl #2808','Albany','NY','12203');
INSERT INTO address(id,addressline,city,state,zipcode) VALUES ('61','2371 Jerrold Ave','Chicago','IL','60638');
INSERT INTO address(id,addressline,city,state,zipcode) VALUES ('62','37275 St  Rt 17m M','Phoenix','LA','70116');
INSERT INTO address(id,addressline,city,state,zipcode) VALUES ('63','25 E 75th St #69','Irving','TX','75069');
INSERT INTO address(id,addressline,city,state,zipcode) VALUES ('64','98 Connecticut Ave Nw','New Orleans','LA','70126');
INSERT INTO address(id,addressline,city,state,zipcode) VALUES ('65','56 E Morehead St','Albany','NY','12202');
INSERT INTO address(id,addressline,city,state,zipcode) VALUES ('66','73 State Road 434 E','Irving','TX','75050');
INSERT INTO address(id,addressline,city,state,zipcode) VALUES ('67','69734 E Carrillo St','New Orleans','LA','70139');
INSERT INTO address(id,addressline,city,state,zipcode) VALUES ('68','1 State Route 27','Albany','NY','12204');
INSERT INTO address(id,addressline,city,state,zipcode) VALUES ('69','322 New Horizon Blvd','New Orleans','LA','70122');
INSERT INTO address(id,addressline,city,state,zipcode) VALUES ('70','394 Manchester Blvd','Albany','NY','12208');
INSERT INTO address(id,addressline,city,state,zipcode) VALUES ('71','6 S 33rd St','Phoenix','LA','70116');
INSERT INTO address(id,addressline,city,state,zipcode) VALUES ('72','6 Greenleaf Ave','Phoenix','LA','70116');
INSERT INTO address(id,addressline,city,state,zipcode) VALUES ('73','618 W Yakima Ave','Irving','TX','75062');
INSERT INTO address(id,addressline,city,state,zipcode) VALUES ('74','74 S Westgate St','New Orleans','LA','70112');
INSERT INTO address(id,addressline,city,state,zipcode) VALUES ('75','74 S Westgate St','New Orleans','LA','70112');

INSERT INTO student(id,firstname,lastname,dob,address_id,email) VALUES ('1','James','Butt','2005-03-01','51','jbutt@gmail.com');
INSERT INTO student(id,firstname,lastname,dob,address_id,email) VALUES ('2','Amy','Josephine','2005-08-10','52','josephine@darkjy.org');
INSERT INTO student(id,firstname,lastname,dob,address_id,email) VALUES ('3','Lenna','Paprocki','2004-09-25','53','Lenna@venere.org');
INSERT INTO student(id,firstname,lastname,dob,address_id,email) VALUES ('4','Donette','Foller','2006-04-11','54','Donette@hotmail.com');
INSERT INTO student(id,firstname,lastname,dob,address_id,email) VALUES ('5','Simona','Morasca','2007-02-08','55','Simona@cox.net');
INSERT INTO student(id,firstname,lastname,dob,address_id,email) VALUES ('6','James','Flosi','2007-10-28','56','James@morasca.com');
INSERT INTO student(id,firstname,lastname,dob,address_id,email) VALUES ('7','Amy','Rim','2004-05-20','57','Amy_Rim@yahoo.com');
INSERT INTO student(id,firstname,lastname,dob,address_id,email) VALUES ('8','Lenna','Whobrey','2006-03-13','58','Lenna@hotmail.com');
INSERT INTO student(id,firstname,lastname,dob,address_id,email) VALUES ('9','Donette','Nicka','2005-09-22','59','Donette@cox.net');
INSERT INTO student(id,firstname,lastname,dob,address_id,email) VALUES ('10','Simona','Veronika','2004-07-03','60','Simona_ver@gmail.com');
INSERT INTO student(id,firstname,lastname,dob,address_id,email) VALUES ('11','James','Kolmetz','2006-05-14','61','James@yahoo.com');
INSERT INTO student(id,firstname,lastname,dob,address_id,email) VALUES ('12','Amy','Royster','2004-12-10','62','Royster@gmail.com');
INSERT INTO student(id,firstname,lastname,dob,address_id,email) VALUES ('13','Mitsue','Tollner','2007-08-26','63','Mitsue@aol.com');
INSERT INTO student(id,firstname,lastname,dob,address_id,email) VALUES ('14','Leota','Dilliard','2005-11-12','64','Dilliard@cox.net');
INSERT INTO student(id,firstname,lastname,dob,address_id,email) VALUES ('15','Sage','Wieser','2006-04-24','65','Sage@gmail.com');
INSERT INTO student(id,firstname,lastname,dob,address_id,email) VALUES ('16','Kris','Marrier','2007-05-16','66','Kris@aol.com');
INSERT INTO student(id,firstname,lastname,dob,address_id,email) VALUES ('17','Minna','Amigon','2005-06-10','67','Amigon@hotmail.com');
INSERT INTO student(id,firstname,lastname,dob,address_id,email) VALUES ('18','Abel','Maclead','2004-08-09','68','Abel@royster.com');
INSERT INTO student(id,firstname,lastname,dob,address_id,email) VALUES ('19','Kiley','Caldarera','2006-03-06','69','Kiley@aol.com');
INSERT INTO student(id,firstname,lastname,dob,address_id,email) VALUES ('20','Graciela','Ruta','2007-05-24','70','Graciela@yahoo.com');
INSERT INTO student(id,firstname,lastname,dob,address_id,email) VALUES ('21','Cammy','Albares','2005-04-17','71','Cammy@cox.net');
INSERT INTO student(id,firstname,lastname,dob,address_id,email) VALUES ('22','Mattie','Poquette','2004-10-19','72','Poquette@aol.com');
INSERT INTO student(id,firstname,lastname,dob,address_id,email) VALUES ('23','Meaghan','Paprocki','2005-11-13','73','Meaghan@hotmail.com');
INSERT INTO student(id,firstname,lastname,dob,address_id,email) VALUES ('24','Gladys','Rim','2006-09-15','74','gladys.rim@rim.org');
INSERT INTO student(id,firstname,lastname,dob,address_id,email) VALUES ('25','Yuki','Rim','2006-09-15','75','Yuki.Rim@rim.org');


INSERT INTO course VALUES ('1', 'Physics');
INSERT INTO course VALUES ('2', 'Chemistry');
INSERT INTO course VALUES ('3', 'Calculus');
INSERT INTO course VALUES ('4', 'Trigonometry');
INSERT INTO course VALUES ('5', 'Literature');
INSERT INTO course VALUES ('6', 'Economics');

INSERT INTO student_course VALUES (1, 1);
INSERT INTO student_course VALUES (1, 2);
INSERT INTO student_course VALUES (2, 1);
INSERT INTO student_course VALUES (3, 2);
INSERT INTO student_course VALUES (4, 3);
INSERT INTO student_course VALUES (4, 6);
INSERT INTO student_course VALUES (5, 4);
INSERT INTO student_course VALUES (6, 5);
INSERT INTO student_course VALUES (6, 6);
INSERT INTO student_course VALUES (7, 6);
INSERT INTO student_course VALUES (8, 2);
INSERT INTO student_course VALUES (8, 3);
INSERT INTO student_course VALUES (8, 5);
INSERT INTO student_course VALUES (9, 3);
INSERT INTO student_course VALUES (10, 1);
INSERT INTO student_course VALUES (11, 4);
INSERT INTO student_course VALUES (12, 5);
INSERT INTO student_course VALUES (13, 6);
INSERT INTO student_course VALUES (13, 1);
INSERT INTO student_course VALUES (13, 4);
INSERT INTO student_course VALUES (14, 4);
INSERT INTO student_course VALUES (15, 6);
INSERT INTO student_course VALUES (16, 3);
INSERT INTO student_course VALUES (17, 2);
INSERT INTO student_course VALUES (18, 4);
INSERT INTO student_course VALUES (18, 5);
INSERT INTO student_course VALUES (19, 5);
INSERT INTO student_course VALUES (20, 6);
INSERT INTO student_course VALUES (21, 2);
INSERT INTO student_course VALUES (21, 1);
INSERT INTO student_course VALUES (22, 1);
INSERT INTO student_course VALUES (23, 2);
INSERT INTO student_course VALUES (24, 6);
INSERT INTO student_course VALUES (25, 2);
INSERT INTO student_course VALUES (25, 3);

INSERT INTO review(id,rating,description,course_id)
VALUES(1,'FIVE','Great Course',2);
INSERT INTO review(id,rating,description,course_id)
VALUES(2,'FOUR', 'Wonderful Course',2);
INSERT INTO review(id,rating,description,course_id)
VALUES(3,'FOUR', 'Awesome Course',1);




